{
  	"type": "origins:action_over_time",
  	"entity_action": {
  		"type": "origins:and",
  		"actions": [
  			{
		    	"type": "origins:execute_command",
		    	"command": "summon creeper ~ ~2 ~ {Silent:1b,Invulnerable:1b,powered:1b,Fuse:0,ignited:1b}",
		    	"permission_level": 4
    		},
  			{
		    	"type": "origins:execute_command",
		    	"command": "scoreboard players remove @e[scores={stardeath=1..}] stardeath 1",
		    	"permission_level": 4
    		},
  			{
		    	"type": "origins:change_resource",
		    	"resource": "star:cooldown",
		    	"change": 1200
		   	},
  			{
		    	"type": "origins:execute_command",
		    	"command": "playsound minecraft:entity.illusioner.prepare_blindness master @a[distance=..30] ~ ~ ~ 50 0",
		    	"permission_level": 4
    		},
  			{
		    	"type": "origins:execute_command",
		    	"command": "particle minecraft:end_rod ~ ~ ~ 1 1 1 1 1000 normal",
		    	"permission_level": 4
    		},
  			{
		    	"type": "origins:execute_command",
		    	"command": "particle minecraft:soul_fire_flame ~ ~ ~ 1 1 1 1 1000 normal",
		    	"permission_level": 4
    		},
  			{
		    	"type": "origins:execute_command",
		    	"command": "particle minecraft:dust 1 0 1 1 ~ ~ ~ 10 10 10 1 10000 normal",
		    	"permission_level": 4
    		},
  			{
		    	"type": "origins:execute_command",
		    	"command": "particle minecraft:dust 0.6 0.5 1 1 ~ ~ ~ 10 10 10 1 10000 normal",
		    	"permission_level": 4
    		}
    	]
  	},
  	"interval": 1,
	"condition": {
		"type": "origins:and",
		"conditions": [
			{
		    	"type": "origins:health",
		    	"comparison": "==",
		    	"compare_to": 0
    		},
    		{
		    	"type": "origins:resource",
		    	"resource": "star:cooldown",
		    	"comparison": "==",
		    	"compare_to": 0
		    }
    	]
	},
	"hidden": true
}