{
	"powers": [
		"star:descriptions/lightning",
		"star:descriptions/strength",
		"star:descriptions/velocity",
		"star:descriptions/death",
		"star:descriptions/fire",
		"star:descriptions/slow",
		"star:descriptions/blindness",
		"star:death",
		"star:cooldown",
		"star:cooldown2",
		"star:fire",
		"star:strength",
		"star:slow",
		"star:velocity",
		"star:blindness",
		"star:lightning",
		"star:lightning2"
	],
	"icon": "minecraft:beacon",
	"order": 0,
	"impact": 2,
	"name": "Cosmos Titan",
	"description": "Once a titan of the cosmos nicknamed destroyer of worlds made a fool by the gods. hides from the gods gaining more power ever day"	
}